index,location,shape
1.0,547.0,Polygon(7 Points)
2.0,363.0,Polygon(7 Points)
3.0,363.0,Polygon(7 Points)
4.0,363.0,Polygon(7 Points)
5.0,363.0,Polygon(7 Points)
6.0,363.0,Polygon(7 Points)
7.0,363.0,Polygon(7 Points)
8.0,363.0,Polygon(7 Points)
9.0,363.0,Polygon(7 Points)
10.0,363.0,Polygon(7 Points)
11.0,363.0,Polygon(7 Points)
12.0,363.0,Polygon(7 Points)
13.0,363.0,Polygon(7 Points)
14.0,363.0,Polygon(7 Points)
15.0,363.0,Polygon(7 Points)
16.0,363.0,Polygon(7 Points)
17.0,363.0,Polygon(7 Points)
18.0,363.0,Polygon(7 Points)
19.0,363.0,Polygon(7 Points)
20.0,363.0,Polygon(7 Points)
21.0,363.0,Polygon(7 Points)
22.0,363.0,Polygon(7 Points)
23.0,363.0,Polygon(7 Points)
24.0,363.0,Polygon(7 Points)
25.0,363.0,Polygon(7 Points)
26.0,363.0,Polygon(7 Points)
27.0,547.0,Polygon(7 Points)
28.0,363.0,Polygon(7 Points)
29.0,363.0,Polygon(7 Points)
30.0,363.0,Polygon(7 Points)
31.0,363.0,Polygon(7 Points)
32.0,363.0,Polygon(7 Points)
33.0,363.0,Polygon(7 Points)
34.0,363.0,Polygon(7 Points)
35.0,363.0,Polygon(7 Points)
36.0,363.0,Polygon(7 Points)
37.0,363.0,Polygon(7 Points)
38.0,363.0,Polygon(7 Points)
39.0,363.0,Polygon(7 Points)
40.0,363.0,Polygon(7 Points)
41.0,363.0,Polygon(7 Points)
42.0,363.0,Polygon(7 Points)
43.0,363.0,Polygon(7 Points)
44.0,363.0,Polygon(7 Points)
45.0,363.0,Polygon(7 Points)
46.0,363.0,Polygon(7 Points)
47.0,363.0,Polygon(7 Points)
48.0,363.0,Polygon(7 Points)
49.0,363.0,Polygon(7 Points)
50.0,363.0,Polygon(7 Points)
51.0,363.0,Polygon(7 Points)
52.0,363.0,Polygon(7 Points)
53.0,547.0,Polygon(7 Points)
54.0,547.0,Polygon(7 Points)
55.0,363.0,Polygon(7 Points)
56.0,363.0,Polygon(7 Points)
57.0,363.0,Polygon(7 Points)
58.0,363.0,Polygon(7 Points)
59.0,363.0,Polygon(7 Points)
60.0,363.0,Polygon(7 Points)
61.0,363.0,Polygon(7 Points)
62.0,363.0,Polygon(7 Points)
63.0,363.0,Polygon(7 Points)
64.0,363.0,Polygon(7 Points)
65.0,363.0,Polygon(7 Points)
66.0,363.0,Polygon(7 Points)
67.0,363.0,Polygon(7 Points)
68.0,363.0,Polygon(7 Points)
69.0,363.0,Polygon(7 Points)
70.0,363.0,Polygon(7 Points)
71.0,363.0,Polygon(7 Points)
72.0,363.0,Polygon(7 Points)
73.0,363.0,Polygon(7 Points)
74.0,363.0,Polygon(7 Points)
75.0,363.0,Polygon(7 Points)
76.0,363.0,Polygon(7 Points)
77.0,363.0,Polygon(7 Points)
78.0,363.0,Polygon(7 Points)
79.0,547.0,Polygon(7 Points)
80.0,363.0,Polygon(7 Points)
81.0,363.0,Polygon(7 Points)
82.0,363.0,Polygon(7 Points)
83.0,363.0,Polygon(7 Points)
84.0,363.0,Polygon(7 Points)
85.0,363.0,Polygon(7 Points)
86.0,363.0,Polygon(7 Points)
87.0,363.0,Polygon(7 Points)
88.0,363.0,Polygon(7 Points)
89.0,363.0,Polygon(7 Points)
90.0,363.0,Polygon(7 Points)
91.0,363.0,Polygon(7 Points)
92.0,363.0,Polygon(7 Points)
93.0,363.0,Polygon(7 Points)
94.0,363.0,Polygon(7 Points)
95.0,363.0,Polygon(7 Points)
96.0,363.0,Polygon(7 Points)
97.0,363.0,Polygon(7 Points)
98.0,363.0,Polygon(7 Points)
99.0,363.0,Polygon(7 Points)
100.0,363.0,Polygon(7 Points)
101.0,363.0,Polygon(7 Points)
102.0,363.0,Polygon(7 Points)
103.0,363.0,Polygon(7 Points)
104.0,363.0,Polygon(7 Points)
105.0,547.0,Polygon(7 Points)
106.0,547.0,Polygon(7 Points)
107.0,363.0,Polygon(7 Points)
108.0,363.0,Polygon(7 Points)
109.0,363.0,Polygon(7 Points)
110.0,363.0,Polygon(7 Points)
111.0,363.0,Polygon(7 Points)
112.0,363.0,Polygon(7 Points)
113.0,363.0,Polygon(7 Points)
114.0,363.0,Polygon(7 Points)
115.0,363.0,Polygon(7 Points)
116.0,363.0,Polygon(7 Points)
117.0,363.0,Polygon(7 Points)
118.0,363.0,Polygon(7 Points)
119.0,363.0,Polygon(7 Points)
120.0,363.0,Polygon(7 Points)
121.0,363.0,Polygon(7 Points)
122.0,363.0,Polygon(7 Points)
123.0,363.0,Polygon(7 Points)
124.0,363.0,Polygon(7 Points)
125.0,363.0,Polygon(7 Points)
126.0,363.0,Polygon(7 Points)
127.0,363.0,Polygon(7 Points)
128.0,363.0,Polygon(7 Points)
129.0,363.0,Polygon(7 Points)
130.0,363.0,Polygon(7 Points)
131.0,547.0,Polygon(7 Points)
132.0,547.0,Polygon(7 Points)
133.0,363.0,Polygon(7 Points)
134.0,363.0,Polygon(7 Points)
135.0,363.0,Polygon(7 Points)
136.0,363.0,Polygon(7 Points)
137.0,363.0,Polygon(7 Points)
138.0,363.0,Polygon(7 Points)
139.0,363.0,Polygon(7 Points)
140.0,363.0,Polygon(7 Points)
141.0,363.0,Polygon(7 Points)
142.0,363.0,Polygon(7 Points)
143.0,363.0,Polygon(7 Points)
144.0,363.0,Polygon(7 Points)
145.0,363.0,Polygon(7 Points)
146.0,363.0,Polygon(7 Points)
147.0,363.0,Polygon(7 Points)
148.0,363.0,Polygon(7 Points)
149.0,363.0,Polygon(7 Points)
150.0,363.0,Polygon(7 Points)
151.0,363.0,Polygon(7 Points)
152.0,363.0,Polygon(7 Points)
153.0,363.0,Polygon(7 Points)
154.0,363.0,Polygon(7 Points)
155.0,363.0,Polygon(7 Points)
156.0,363.0,Polygon(7 Points)
157.0,547.0,Polygon(7 Points)
158.0,547.0,Polygon(7 Points)
159.0,363.0,Polygon(7 Points)
160.0,363.0,Polygon(7 Points)
161.0,363.0,Polygon(7 Points)
162.0,363.0,Polygon(7 Points)
163.0,363.0,Polygon(7 Points)
164.0,363.0,Polygon(7 Points)
165.0,363.0,Polygon(7 Points)
166.0,363.0,Polygon(7 Points)
167.0,363.0,Polygon(7 Points)
168.0,363.0,Polygon(7 Points)
169.0,363.0,Polygon(7 Points)
170.0,363.0,Polygon(7 Points)
171.0,363.0,Polygon(7 Points)
172.0,363.0,Polygon(7 Points)
173.0,363.0,Polygon(7 Points)
174.0,363.0,Polygon(7 Points)
175.0,363.0,Polygon(7 Points)
176.0,363.0,Polygon(7 Points)
177.0,363.0,Polygon(7 Points)
178.0,363.0,Polygon(7 Points)
179.0,363.0,Polygon(7 Points)
180.0,363.0,Polygon(7 Points)
181.0,363.0,Polygon(7 Points)
182.0,363.0,Polygon(7 Points)
183.0,547.0,Polygon(7 Points)
184.0,547.0,Polygon(7 Points)
185.0,363.0,Polygon(7 Points)
186.0,363.0,Polygon(7 Points)
187.0,363.0,Polygon(7 Points)
188.0,363.0,Polygon(7 Points)
189.0,363.0,Polygon(7 Points)
190.0,363.0,Polygon(7 Points)
191.0,363.0,Polygon(7 Points)
192.0,363.0,Polygon(7 Points)
193.0,363.0,Polygon(7 Points)
194.0,363.0,Polygon(7 Points)
195.0,363.0,Polygon(7 Points)
196.0,363.0,Polygon(7 Points)
197.0,363.0,Polygon(7 Points)
198.0,363.0,Polygon(7 Points)
199.0,363.0,Polygon(7 Points)
200.0,363.0,Polygon(7 Points)
201.0,363.0,Polygon(7 Points)
202.0,363.0,Polygon(7 Points)
203.0,363.0,Polygon(7 Points)
204.0,363.0,Polygon(7 Points)
205.0,363.0,Polygon(7 Points)
206.0,363.0,Polygon(7 Points)
207.0,363.0,Polygon(7 Points)
208.0,363.0,Polygon(7 Points)
209.0,547.0,Polygon(7 Points)
210.0,547.0,Polygon(7 Points)
211.0,547.0,Polygon(7 Points)
212.0,547.0,Polygon(7 Points)
213.0,547.0,Polygon(7 Points)
214.0,363.0,Polygon(7 Points)
215.0,363.0,Polygon(7 Points)
216.0,363.0,Polygon(7 Points)
217.0,363.0,Polygon(7 Points)
218.0,363.0,Polygon(7 Points)
219.0,363.0,Polygon(7 Points)
220.0,363.0,Polygon(7 Points)
221.0,363.0,Polygon(7 Points)
222.0,363.0,Polygon(7 Points)
223.0,363.0,Polygon(7 Points)
224.0,363.0,Polygon(7 Points)
225.0,363.0,Polygon(7 Points)
226.0,363.0,Polygon(7 Points)
227.0,363.0,Polygon(7 Points)
228.0,363.0,Polygon(7 Points)
229.0,363.0,Polygon(7 Points)
230.0,363.0,Polygon(7 Points)
231.0,363.0,Polygon(7 Points)
232.0,363.0,Polygon(7 Points)
233.0,363.0,Polygon(7 Points)
234.0,363.0,Polygon(7 Points)
235.0,547.0,Polygon(7 Points)
236.0,547.0,Polygon(7 Points)
237.0,547.0,Polygon(7 Points)
238.0,547.0,Polygon(7 Points)
239.0,547.0,Polygon(7 Points)
240.0,363.0,Polygon(7 Points)
241.0,363.0,Polygon(7 Points)
242.0,363.0,Polygon(7 Points)
243.0,363.0,Polygon(7 Points)
244.0,363.0,Polygon(7 Points)
245.0,363.0,Polygon(7 Points)
246.0,363.0,Polygon(7 Points)
247.0,363.0,Polygon(7 Points)
248.0,363.0,Polygon(7 Points)
249.0,363.0,Polygon(7 Points)
250.0,363.0,Polygon(7 Points)
251.0,363.0,Polygon(7 Points)
252.0,363.0,Polygon(7 Points)
253.0,363.0,Polygon(7 Points)
254.0,363.0,Polygon(7 Points)
255.0,363.0,Polygon(7 Points)
256.0,363.0,Polygon(7 Points)
257.0,363.0,Polygon(7 Points)
258.0,363.0,Polygon(7 Points)
259.0,363.0,Polygon(7 Points)
260.0,363.0,Polygon(7 Points)
261.0,547.0,Polygon(7 Points)
262.0,547.0,Polygon(7 Points)
263.0,547.0,Polygon(7 Points)
264.0,547.0,Polygon(7 Points)
265.0,547.0,Polygon(7 Points)
266.0,547.0,Polygon(7 Points)
267.0,363.0,Polygon(7 Points)
268.0,363.0,Polygon(7 Points)
269.0,363.0,Polygon(7 Points)
270.0,363.0,Polygon(7 Points)
271.0,363.0,Polygon(7 Points)
272.0,363.0,Polygon(7 Points)
273.0,363.0,Polygon(7 Points)
274.0,363.0,Polygon(7 Points)
275.0,363.0,Polygon(7 Points)
276.0,363.0,Polygon(7 Points)
277.0,363.0,Polygon(7 Points)
278.0,363.0,Polygon(7 Points)
279.0,363.0,Polygon(7 Points)
280.0,363.0,Polygon(7 Points)
281.0,363.0,Polygon(7 Points)
282.0,363.0,Polygon(7 Points)
283.0,363.0,Polygon(7 Points)
284.0,363.0,Polygon(7 Points)
285.0,363.0,Polygon(7 Points)
286.0,363.0,Polygon(7 Points)
287.0,547.0,Polygon(7 Points)
288.0,547.0,Polygon(7 Points)
289.0,547.0,Polygon(7 Points)
290.0,547.0,Polygon(7 Points)
291.0,547.0,Polygon(7 Points)
292.0,547.0,Polygon(7 Points)
293.0,363.0,Polygon(7 Points)
294.0,363.0,Polygon(7 Points)
295.0,363.0,Polygon(7 Points)
296.0,363.0,Polygon(7 Points)
297.0,363.0,Polygon(7 Points)
298.0,363.0,Polygon(7 Points)
299.0,363.0,Polygon(7 Points)
300.0,363.0,Polygon(7 Points)
301.0,363.0,Polygon(7 Points)
302.0,363.0,Polygon(7 Points)
303.0,363.0,Polygon(7 Points)
304.0,363.0,Polygon(7 Points)
305.0,363.0,Polygon(7 Points)
306.0,363.0,Polygon(7 Points)
307.0,363.0,Polygon(7 Points)
308.0,363.0,Polygon(7 Points)
309.0,363.0,Polygon(7 Points)
310.0,363.0,Polygon(7 Points)
311.0,363.0,Polygon(7 Points)
312.0,363.0,Polygon(7 Points)
313.0,547.0,Polygon(7 Points)
314.0,547.0,Polygon(7 Points)
315.0,547.0,Polygon(7 Points)
316.0,547.0,Polygon(7 Points)
317.0,547.0,Polygon(7 Points)
318.0,547.0,Polygon(7 Points)
319.0,547.0,Polygon(7 Points)
320.0,363.0,Polygon(7 Points)
321.0,363.0,Polygon(7 Points)
322.0,363.0,Polygon(7 Points)
323.0,363.0,Polygon(7 Points)
324.0,363.0,Polygon(7 Points)
325.0,363.0,Polygon(7 Points)
326.0,363.0,Polygon(7 Points)
327.0,363.0,Polygon(7 Points)
328.0,363.0,Polygon(7 Points)
329.0,363.0,Polygon(7 Points)
330.0,363.0,Polygon(7 Points)
331.0,363.0,Polygon(7 Points)
332.0,363.0,Polygon(7 Points)
333.0,363.0,Polygon(7 Points)
334.0,363.0,Polygon(7 Points)
335.0,363.0,Polygon(7 Points)
336.0,363.0,Polygon(7 Points)
337.0,363.0,Polygon(7 Points)
338.0,363.0,Polygon(7 Points)
339.0,547.0,Polygon(7 Points)
340.0,547.0,Polygon(7 Points)
341.0,547.0,Polygon(7 Points)
342.0,547.0,Polygon(7 Points)
343.0,547.0,Polygon(7 Points)
344.0,547.0,Polygon(7 Points)
345.0,363.0,Polygon(7 Points)
346.0,363.0,Polygon(7 Points)
347.0,363.0,Polygon(7 Points)
348.0,363.0,Polygon(7 Points)
349.0,363.0,Polygon(7 Points)
350.0,363.0,Polygon(7 Points)
351.0,363.0,Polygon(7 Points)
352.0,363.0,Polygon(7 Points)
353.0,363.0,Polygon(7 Points)
354.0,363.0,Polygon(7 Points)
355.0,363.0,Polygon(7 Points)
356.0,363.0,Polygon(7 Points)
357.0,363.0,Polygon(7 Points)
358.0,363.0,Polygon(7 Points)
359.0,363.0,Polygon(7 Points)
360.0,363.0,Polygon(7 Points)
361.0,363.0,Polygon(7 Points)
362.0,363.0,Polygon(7 Points)
363.0,363.0,Polygon(7 Points)
364.0,363.0,Polygon(7 Points)
365.0,547.0,Polygon(7 Points)
366.0,547.0,Polygon(7 Points)
367.0,547.0,Polygon(7 Points)
368.0,547.0,Polygon(7 Points)
369.0,547.0,Polygon(7 Points)
370.0,547.0,Polygon(7 Points)
371.0,363.0,Polygon(7 Points)
372.0,363.0,Polygon(7 Points)
373.0,363.0,Polygon(7 Points)
374.0,363.0,Polygon(7 Points)
375.0,363.0,Polygon(7 Points)
376.0,363.0,Polygon(7 Points)
377.0,363.0,Polygon(7 Points)
378.0,363.0,Polygon(7 Points)
379.0,363.0,Polygon(7 Points)
380.0,363.0,Polygon(7 Points)
381.0,363.0,Polygon(7 Points)
382.0,363.0,Polygon(7 Points)
383.0,363.0,Polygon(7 Points)
384.0,363.0,Polygon(7 Points)
385.0,363.0,Polygon(7 Points)
386.0,363.0,Polygon(7 Points)
387.0,363.0,Polygon(7 Points)
388.0,363.0,Polygon(7 Points)
389.0,363.0,Polygon(7 Points)
390.0,363.0,Polygon(7 Points)
391.0,547.0,Polygon(7 Points)
392.0,547.0,Polygon(7 Points)
393.0,547.0,Polygon(7 Points)
394.0,547.0,Polygon(7 Points)
395.0,547.0,Polygon(7 Points)
396.0,547.0,Polygon(7 Points)
397.0,363.0,Polygon(7 Points)
398.0,363.0,Polygon(7 Points)
399.0,363.0,Polygon(7 Points)
400.0,363.0,Polygon(7 Points)
401.0,363.0,Polygon(7 Points)
402.0,363.0,Polygon(7 Points)
403.0,363.0,Polygon(7 Points)
404.0,363.0,Polygon(7 Points)
405.0,363.0,Polygon(7 Points)
406.0,363.0,Polygon(7 Points)
407.0,363.0,Polygon(7 Points)
408.0,363.0,Polygon(7 Points)
409.0,363.0,Polygon(7 Points)
410.0,363.0,Polygon(7 Points)
411.0,363.0,Polygon(7 Points)
412.0,363.0,Polygon(7 Points)
413.0,363.0,Polygon(7 Points)
414.0,363.0,Polygon(7 Points)
415.0,363.0,Polygon(7 Points)
416.0,363.0,Polygon(7 Points)
417.0,547.0,Polygon(7 Points)
418.0,547.0,Polygon(7 Points)
419.0,547.0,Polygon(7 Points)
420.0,547.0,Polygon(7 Points)
421.0,547.0,Polygon(7 Points)
422.0,547.0,Polygon(7 Points)
423.0,363.0,Polygon(7 Points)
424.0,363.0,Polygon(7 Points)
425.0,363.0,Polygon(7 Points)
426.0,363.0,Polygon(7 Points)
427.0,363.0,Polygon(7 Points)
428.0,363.0,Polygon(7 Points)
429.0,363.0,Polygon(7 Points)
430.0,363.0,Polygon(7 Points)
431.0,363.0,Polygon(7 Points)
432.0,363.0,Polygon(7 Points)
433.0,363.0,Polygon(7 Points)
434.0,363.0,Polygon(7 Points)
435.0,363.0,Polygon(7 Points)
436.0,363.0,Polygon(7 Points)
437.0,363.0,Polygon(7 Points)
438.0,363.0,Polygon(7 Points)
439.0,363.0,Polygon(7 Points)
440.0,363.0,Polygon(7 Points)
441.0,363.0,Polygon(7 Points)
442.0,363.0,Polygon(7 Points)
443.0,547.0,Polygon(7 Points)
444.0,547.0,Polygon(7 Points)
445.0,547.0,Polygon(7 Points)
446.0,547.0,Polygon(7 Points)
447.0,547.0,Polygon(7 Points)
448.0,547.0,Polygon(7 Points)
449.0,363.0,Polygon(7 Points)
450.0,363.0,Polygon(7 Points)
451.0,363.0,Polygon(7 Points)
452.0,363.0,Polygon(7 Points)
453.0,363.0,Polygon(7 Points)
454.0,363.0,Polygon(7 Points)
455.0,363.0,Polygon(7 Points)
456.0,363.0,Polygon(7 Points)
457.0,363.0,Polygon(7 Points)
458.0,363.0,Polygon(7 Points)
459.0,363.0,Polygon(7 Points)
460.0,363.0,Polygon(7 Points)
461.0,363.0,Polygon(7 Points)
462.0,363.0,Polygon(7 Points)
463.0,363.0,Polygon(7 Points)
464.0,363.0,Polygon(7 Points)
465.0,363.0,Polygon(7 Points)
466.0,363.0,Polygon(7 Points)
467.0,363.0,Polygon(7 Points)
468.0,363.0,Polygon(7 Points)
469.0,547.0,Polygon(7 Points)
470.0,547.0,Polygon(7 Points)
471.0,547.0,Polygon(7 Points)
472.0,547.0,Polygon(7 Points)
473.0,547.0,Polygon(7 Points)
474.0,547.0,Polygon(7 Points)
475.0,363.0,Polygon(7 Points)
476.0,363.0,Polygon(7 Points)
477.0,363.0,Polygon(7 Points)
478.0,363.0,Polygon(7 Points)
479.0,363.0,Polygon(7 Points)
480.0,363.0,Polygon(7 Points)
481.0,363.0,Polygon(7 Points)
482.0,363.0,Polygon(7 Points)
483.0,363.0,Polygon(7 Points)
484.0,363.0,Polygon(7 Points)
485.0,363.0,Polygon(7 Points)
486.0,363.0,Polygon(7 Points)
487.0,363.0,Polygon(7 Points)
488.0,363.0,Polygon(7 Points)
489.0,727.0,Polygon(7 Points)
490.0,727.0,Polygon(7 Points)
491.0,363.0,Polygon(7 Points)
492.0,363.0,Polygon(7 Points)
493.0,363.0,Polygon(7 Points)
494.0,363.0,Polygon(7 Points)
495.0,547.0,Polygon(7 Points)
496.0,547.0,Polygon(7 Points)
497.0,547.0,Polygon(7 Points)
498.0,547.0,Polygon(7 Points)
499.0,547.0,Polygon(7 Points)
500.0,547.0,Polygon(7 Points)
501.0,547.0,Polygon(7 Points)
502.0,547.0,Polygon(7 Points)
503.0,363.0,Polygon(7 Points)
504.0,363.0,Polygon(7 Points)
505.0,363.0,Polygon(7 Points)
506.0,363.0,Polygon(7 Points)
507.0,363.0,Polygon(7 Points)
508.0,363.0,Polygon(7 Points)
509.0,363.0,Polygon(7 Points)
510.0,363.0,Polygon(7 Points)
511.0,363.0,Polygon(7 Points)
512.0,363.0,Polygon(7 Points)
513.0,727.0,Polygon(7 Points)
514.0,727.0,Polygon(7 Points)
515.0,727.0,Polygon(7 Points)
516.0,727.0,Polygon(7 Points)
517.0,363.0,Polygon(7 Points)
518.0,363.0,Polygon(7 Points)
519.0,363.0,Polygon(7 Points)
520.0,363.0,Polygon(7 Points)
521.0,547.0,Polygon(7 Points)
522.0,547.0,Polygon(7 Points)
523.0,547.0,Polygon(7 Points)
524.0,547.0,Polygon(7 Points)
525.0,547.0,Polygon(7 Points)
526.0,547.0,Polygon(7 Points)
527.0,547.0,Polygon(7 Points)
528.0,547.0,Polygon(7 Points)
529.0,547.0,Polygon(7 Points)
530.0,727.0,Polygon(7 Points)
531.0,727.0,Polygon(7 Points)
532.0,727.0,Polygon(7 Points)
533.0,727.0,Polygon(7 Points)
534.0,727.0,Polygon(7 Points)
535.0,727.0,Polygon(7 Points)
536.0,727.0,Polygon(7 Points)
537.0,363.0,Polygon(7 Points)
538.0,363.0,Polygon(7 Points)
539.0,727.0,Polygon(7 Points)
540.0,727.0,Polygon(7 Points)
541.0,727.0,Polygon(7 Points)
542.0,727.0,Polygon(7 Points)
543.0,727.0,Polygon(7 Points)
544.0,727.0,Polygon(7 Points)
545.0,727.0,Polygon(7 Points)
546.0,727.0,Polygon(7 Points)
547.0,547.0,Polygon(7 Points)
548.0,547.0,Polygon(7 Points)
549.0,547.0,Polygon(7 Points)
550.0,547.0,Polygon(7 Points)
551.0,547.0,Polygon(7 Points)
552.0,547.0,Polygon(7 Points)
553.0,547.0,Polygon(7 Points)
554.0,547.0,Polygon(7 Points)
555.0,547.0,Polygon(7 Points)
556.0,727.0,Polygon(7 Points)
557.0,727.0,Polygon(7 Points)
558.0,727.0,Polygon(7 Points)
559.0,727.0,Polygon(7 Points)
560.0,727.0,Polygon(7 Points)
561.0,727.0,Polygon(7 Points)
562.0,727.0,Polygon(7 Points)
563.0,727.0,Polygon(7 Points)
564.0,727.0,Polygon(7 Points)
565.0,727.0,Polygon(7 Points)
566.0,727.0,Polygon(7 Points)
567.0,727.0,Polygon(7 Points)
568.0,727.0,Polygon(7 Points)
569.0,727.0,Polygon(7 Points)
570.0,727.0,Polygon(7 Points)
571.0,727.0,Polygon(7 Points)
572.0,727.0,Polygon(7 Points)
573.0,547.0,Polygon(7 Points)
574.0,547.0,Polygon(7 Points)
575.0,547.0,Polygon(7 Points)
576.0,547.0,Polygon(7 Points)
577.0,547.0,Polygon(7 Points)
578.0,547.0,Polygon(7 Points)
579.0,547.0,Polygon(7 Points)
580.0,547.0,Polygon(7 Points)
581.0,547.0,Polygon(7 Points)
582.0,727.0,Polygon(7 Points)
583.0,727.0,Polygon(7 Points)
584.0,727.0,Polygon(7 Points)
585.0,727.0,Polygon(7 Points)
586.0,727.0,Polygon(7 Points)
587.0,727.0,Polygon(7 Points)
588.0,727.0,Polygon(7 Points)
589.0,727.0,Polygon(7 Points)
590.0,727.0,Polygon(7 Points)
591.0,727.0,Polygon(7 Points)
592.0,727.0,Polygon(7 Points)
593.0,727.0,Polygon(7 Points)
594.0,727.0,Polygon(7 Points)
595.0,727.0,Polygon(7 Points)
596.0,727.0,Polygon(7 Points)
597.0,727.0,Polygon(7 Points)
598.0,727.0,Polygon(7 Points)
599.0,547.0,Polygon(7 Points)
600.0,547.0,Polygon(7 Points)
601.0,547.0,Polygon(7 Points)
602.0,547.0,Polygon(7 Points)
603.0,547.0,Polygon(7 Points)
604.0,547.0,Polygon(7 Points)
605.0,547.0,Polygon(7 Points)
606.0,547.0,Polygon(7 Points)
607.0,547.0,Polygon(7 Points)
608.0,727.0,Polygon(7 Points)
609.0,727.0,Polygon(7 Points)
610.0,727.0,Polygon(7 Points)
611.0,727.0,Polygon(7 Points)
612.0,727.0,Polygon(7 Points)
613.0,727.0,Polygon(7 Points)
614.0,727.0,Polygon(7 Points)
615.0,727.0,Polygon(7 Points)
616.0,727.0,Polygon(7 Points)
617.0,727.0,Polygon(7 Points)
618.0,727.0,Polygon(7 Points)
619.0,727.0,Polygon(7 Points)
620.0,727.0,Polygon(7 Points)
621.0,727.0,Polygon(7 Points)
622.0,727.0,Polygon(7 Points)
623.0,727.0,Polygon(7 Points)
624.0,727.0,Polygon(7 Points)
625.0,547.0,Polygon(7 Points)
626.0,547.0,Polygon(7 Points)
627.0,547.0,Polygon(7 Points)
628.0,547.0,Polygon(7 Points)
629.0,547.0,Polygon(7 Points)
630.0,547.0,Polygon(7 Points)
631.0,547.0,Polygon(7 Points)
632.0,547.0,Polygon(7 Points)
633.0,547.0,Polygon(7 Points)
634.0,547.0,Polygon(7 Points)
635.0,727.0,Polygon(7 Points)
636.0,727.0,Polygon(7 Points)
637.0,727.0,Polygon(7 Points)
638.0,727.0,Polygon(7 Points)
639.0,727.0,Polygon(7 Points)
640.0,727.0,Polygon(7 Points)
641.0,727.0,Polygon(7 Points)
642.0,727.0,Polygon(7 Points)
643.0,727.0,Polygon(7 Points)
644.0,727.0,Polygon(7 Points)
645.0,727.0,Polygon(7 Points)
646.0,727.0,Polygon(7 Points)
647.0,727.0,Polygon(7 Points)
648.0,727.0,Polygon(7 Points)
649.0,727.0,Polygon(7 Points)
650.0,727.0,Polygon(7 Points)
651.0,547.0,Polygon(7 Points)
652.0,547.0,Polygon(7 Points)
653.0,547.0,Polygon(7 Points)
654.0,547.0,Polygon(7 Points)
655.0,547.0,Polygon(7 Points)
656.0,547.0,Polygon(7 Points)
657.0,547.0,Polygon(7 Points)
658.0,547.0,Polygon(7 Points)
659.0,547.0,Polygon(7 Points)
660.0,547.0,Polygon(7 Points)
661.0,727.0,Polygon(7 Points)
662.0,727.0,Polygon(7 Points)
663.0,727.0,Polygon(7 Points)
664.0,727.0,Polygon(7 Points)
665.0,727.0,Polygon(7 Points)
666.0,727.0,Polygon(7 Points)
667.0,727.0,Polygon(7 Points)
668.0,727.0,Polygon(7 Points)
669.0,727.0,Polygon(7 Points)
670.0,727.0,Polygon(7 Points)
671.0,727.0,Polygon(7 Points)
672.0,727.0,Polygon(7 Points)
673.0,727.0,Polygon(7 Points)
674.0,727.0,Polygon(7 Points)
675.0,727.0,Polygon(7 Points)
676.0,727.0,Polygon(7 Points)
677.0,547.0,Polygon(7 Points)
678.0,547.0,Polygon(7 Points)
679.0,547.0,Polygon(7 Points)
680.0,547.0,Polygon(7 Points)
681.0,547.0,Polygon(7 Points)
682.0,547.0,Polygon(7 Points)
683.0,547.0,Polygon(7 Points)
684.0,547.0,Polygon(7 Points)
685.0,547.0,Polygon(7 Points)
686.0,547.0,Polygon(7 Points)
687.0,547.0,Polygon(7 Points)
688.0,727.0,Polygon(7 Points)
689.0,727.0,Polygon(7 Points)
690.0,727.0,Polygon(7 Points)
691.0,727.0,Polygon(7 Points)
692.0,727.0,Polygon(7 Points)
693.0,727.0,Polygon(7 Points)
694.0,727.0,Polygon(7 Points)
695.0,727.0,Polygon(7 Points)
696.0,727.0,Polygon(7 Points)
697.0,727.0,Polygon(7 Points)
698.0,727.0,Polygon(7 Points)
699.0,727.0,Polygon(7 Points)
700.0,727.0,Polygon(7 Points)
701.0,727.0,Polygon(7 Points)
702.0,727.0,Polygon(7 Points)
703.0,547.0,Polygon(7 Points)
704.0,547.0,Polygon(7 Points)
705.0,547.0,Polygon(7 Points)
706.0,547.0,Polygon(7 Points)
707.0,547.0,Polygon(7 Points)
708.0,547.0,Polygon(7 Points)
709.0,547.0,Polygon(7 Points)
710.0,547.0,Polygon(7 Points)
711.0,547.0,Polygon(7 Points)
712.0,727.0,Polygon(7 Points)
713.0,727.0,Polygon(7 Points)
714.0,727.0,Polygon(7 Points)
715.0,727.0,Polygon(7 Points)
716.0,727.0,Polygon(7 Points)
717.0,727.0,Polygon(7 Points)
718.0,727.0,Polygon(7 Points)
719.0,727.0,Polygon(7 Points)
720.0,727.0,Polygon(7 Points)
721.0,727.0,Polygon(7 Points)
722.0,727.0,Polygon(7 Points)
723.0,727.0,Polygon(7 Points)
724.0,727.0,Polygon(7 Points)
725.0,727.0,Polygon(7 Points)
726.0,727.0,Polygon(7 Points)
727.0,727.0,Polygon(7 Points)
728.0,727.0,Polygon(7 Points)
729.0,547.0,Polygon(7 Points)
730.0,547.0,Polygon(7 Points)
731.0,547.0,Polygon(7 Points)
732.0,547.0,Polygon(7 Points)
733.0,547.0,Polygon(7 Points)
734.0,547.0,Polygon(7 Points)
735.0,547.0,Polygon(7 Points)
736.0,547.0,Polygon(7 Points)
737.0,547.0,Polygon(7 Points)
738.0,727.0,Polygon(7 Points)
739.0,727.0,Polygon(7 Points)
740.0,727.0,Polygon(7 Points)
741.0,727.0,Polygon(7 Points)
742.0,727.0,Polygon(7 Points)
743.0,727.0,Polygon(7 Points)
744.0,727.0,Polygon(7 Points)
745.0,727.0,Polygon(7 Points)
746.0,727.0,Polygon(7 Points)
747.0,727.0,Polygon(7 Points)
748.0,727.0,Polygon(7 Points)
749.0,727.0,Polygon(7 Points)
750.0,727.0,Polygon(7 Points)
751.0,727.0,Polygon(7 Points)
752.0,727.0,Polygon(7 Points)
753.0,727.0,Polygon(7 Points)
754.0,727.0,Polygon(7 Points)
755.0,547.0,Polygon(7 Points)
756.0,547.0,Polygon(7 Points)
757.0,547.0,Polygon(7 Points)
758.0,547.0,Polygon(7 Points)
759.0,547.0,Polygon(7 Points)
760.0,547.0,Polygon(7 Points)
761.0,547.0,Polygon(7 Points)
762.0,727.0,Polygon(7 Points)
763.0,727.0,Polygon(7 Points)
764.0,727.0,Polygon(7 Points)
765.0,727.0,Polygon(7 Points)
766.0,727.0,Polygon(7 Points)
767.0,727.0,Polygon(7 Points)
768.0,727.0,Polygon(7 Points)
769.0,727.0,Polygon(7 Points)
770.0,727.0,Polygon(7 Points)
771.0,727.0,Polygon(7 Points)
772.0,727.0,Polygon(7 Points)
773.0,727.0,Polygon(7 Points)
774.0,727.0,Polygon(7 Points)
775.0,727.0,Polygon(7 Points)
776.0,727.0,Polygon(7 Points)
777.0,727.0,Polygon(7 Points)
778.0,727.0,Polygon(7 Points)
779.0,727.0,Polygon(7 Points)
780.0,727.0,Polygon(7 Points)
781.0,547.0,Polygon(7 Points)
782.0,547.0,Polygon(7 Points)
783.0,547.0,Polygon(7 Points)
784.0,547.0,Polygon(7 Points)
785.0,547.0,Polygon(7 Points)
786.0,547.0,Polygon(7 Points)
787.0,547.0,Polygon(7 Points)
788.0,547.0,Polygon(7 Points)
789.0,727.0,Polygon(7 Points)
790.0,727.0,Polygon(7 Points)
791.0,727.0,Polygon(7 Points)
792.0,727.0,Polygon(7 Points)
793.0,727.0,Polygon(7 Points)
794.0,727.0,Polygon(7 Points)
795.0,727.0,Polygon(7 Points)
796.0,727.0,Polygon(7 Points)
797.0,727.0,Polygon(7 Points)
798.0,727.0,Polygon(7 Points)
799.0,727.0,Polygon(7 Points)
800.0,727.0,Polygon(7 Points)
801.0,727.0,Polygon(7 Points)
802.0,727.0,Polygon(7 Points)
803.0,727.0,Polygon(7 Points)
804.0,727.0,Polygon(7 Points)
805.0,727.0,Polygon(7 Points)
806.0,727.0,Polygon(7 Points)
807.0,547.0,Polygon(7 Points)
808.0,547.0,Polygon(7 Points)
809.0,547.0,Polygon(7 Points)
810.0,547.0,Polygon(7 Points)
811.0,547.0,Polygon(7 Points)
812.0,547.0,Polygon(7 Points)
813.0,547.0,Polygon(7 Points)
814.0,547.0,Polygon(7 Points)
815.0,727.0,Polygon(7 Points)
816.0,727.0,Polygon(7 Points)
817.0,727.0,Polygon(7 Points)
818.0,727.0,Polygon(7 Points)
819.0,727.0,Polygon(7 Points)
820.0,727.0,Polygon(7 Points)
821.0,727.0,Polygon(7 Points)
822.0,727.0,Polygon(7 Points)
823.0,727.0,Polygon(7 Points)
824.0,727.0,Polygon(7 Points)
825.0,727.0,Polygon(7 Points)
826.0,727.0,Polygon(7 Points)
827.0,727.0,Polygon(7 Points)
828.0,727.0,Polygon(7 Points)
829.0,727.0,Polygon(7 Points)
830.0,727.0,Polygon(7 Points)
831.0,727.0,Polygon(7 Points)
832.0,727.0,Polygon(7 Points)
833.0,547.0,Polygon(7 Points)
834.0,547.0,Polygon(7 Points)
835.0,547.0,Polygon(7 Points)
836.0,547.0,Polygon(7 Points)
837.0,547.0,Polygon(7 Points)
838.0,547.0,Polygon(7 Points)
839.0,547.0,Polygon(7 Points)
840.0,547.0,Polygon(7 Points)
841.0,727.0,Polygon(7 Points)
842.0,727.0,Polygon(7 Points)
843.0,727.0,Polygon(7 Points)
844.0,727.0,Polygon(7 Points)
845.0,727.0,Polygon(7 Points)
846.0,727.0,Polygon(7 Points)
847.0,727.0,Polygon(7 Points)
848.0,727.0,Polygon(7 Points)
849.0,727.0,Polygon(7 Points)
850.0,727.0,Polygon(7 Points)
851.0,727.0,Polygon(7 Points)
852.0,727.0,Polygon(7 Points)
853.0,727.0,Polygon(7 Points)
854.0,727.0,Polygon(7 Points)
855.0,727.0,Polygon(7 Points)
856.0,727.0,Polygon(7 Points)
857.0,727.0,Polygon(7 Points)
858.0,727.0,Polygon(7 Points)
859.0,547.0,Polygon(7 Points)
860.0,547.0,Polygon(7 Points)
861.0,547.0,Polygon(7 Points)
862.0,547.0,Polygon(7 Points)
863.0,547.0,Polygon(7 Points)
864.0,547.0,Polygon(7 Points)
865.0,547.0,Polygon(7 Points)
866.0,727.0,Polygon(7 Points)
867.0,727.0,Polygon(7 Points)
868.0,727.0,Polygon(7 Points)
869.0,727.0,Polygon(7 Points)
870.0,727.0,Polygon(7 Points)
871.0,727.0,Polygon(7 Points)
872.0,727.0,Polygon(7 Points)
873.0,727.0,Polygon(7 Points)
874.0,727.0,Polygon(7 Points)
875.0,727.0,Polygon(7 Points)
876.0,727.0,Polygon(7 Points)
877.0,727.0,Polygon(7 Points)
878.0,727.0,Polygon(7 Points)
879.0,727.0,Polygon(7 Points)
880.0,727.0,Polygon(7 Points)
881.0,727.0,Polygon(7 Points)
882.0,727.0,Polygon(7 Points)
883.0,727.0,Polygon(7 Points)
884.0,727.0,Polygon(7 Points)
885.0,547.0,Polygon(7 Points)
886.0,547.0,Polygon(7 Points)
887.0,547.0,Polygon(7 Points)
888.0,547.0,Polygon(7 Points)
889.0,547.0,Polygon(7 Points)
890.0,547.0,Polygon(7 Points)
891.0,547.0,Polygon(7 Points)
892.0,547.0,Polygon(7 Points)
893.0,727.0,Polygon(7 Points)
894.0,727.0,Polygon(7 Points)
895.0,727.0,Polygon(7 Points)
896.0,727.0,Polygon(7 Points)
897.0,727.0,Polygon(7 Points)
898.0,727.0,Polygon(7 Points)
899.0,727.0,Polygon(7 Points)
900.0,727.0,Polygon(7 Points)
901.0,727.0,Polygon(7 Points)
902.0,727.0,Polygon(7 Points)
903.0,727.0,Polygon(7 Points)
904.0,727.0,Polygon(7 Points)
905.0,727.0,Polygon(7 Points)
906.0,727.0,Polygon(7 Points)
907.0,727.0,Polygon(7 Points)
908.0,727.0,Polygon(7 Points)
909.0,727.0,Polygon(7 Points)
910.0,727.0,Polygon(7 Points)
911.0,547.0,Polygon(7 Points)
912.0,547.0,Polygon(7 Points)
913.0,547.0,Polygon(7 Points)
914.0,547.0,Polygon(7 Points)
915.0,547.0,Polygon(7 Points)
916.0,1406.0,Polygon(7 Points)
917.0,1406.0,Polygon(7 Points)
918.0,727.0,Polygon(7 Points)
919.0,727.0,Polygon(7 Points)
920.0,727.0,Polygon(7 Points)
921.0,727.0,Polygon(7 Points)
922.0,727.0,Polygon(7 Points)
923.0,727.0,Polygon(7 Points)
924.0,727.0,Polygon(7 Points)
925.0,727.0,Polygon(7 Points)
926.0,727.0,Polygon(7 Points)
927.0,727.0,Polygon(7 Points)
928.0,727.0,Polygon(7 Points)
929.0,727.0,Polygon(7 Points)
930.0,727.0,Polygon(7 Points)
931.0,727.0,Polygon(7 Points)
932.0,727.0,Polygon(7 Points)
933.0,727.0,Polygon(7 Points)
934.0,727.0,Polygon(7 Points)
935.0,727.0,Polygon(7 Points)
936.0,727.0,Polygon(7 Points)
937.0,547.0,Polygon(7 Points)
938.0,547.0,Polygon(7 Points)
939.0,547.0,Polygon(7 Points)
940.0,547.0,Polygon(7 Points)
941.0,1406.0,Polygon(7 Points)
942.0,1406.0,Polygon(7 Points)
943.0,1406.0,Polygon(7 Points)
944.0,1406.0,Polygon(7 Points)
945.0,727.0,Polygon(7 Points)
946.0,727.0,Polygon(7 Points)
947.0,727.0,Polygon(7 Points)
948.0,727.0,Polygon(7 Points)
949.0,727.0,Polygon(7 Points)
950.0,727.0,Polygon(7 Points)
951.0,727.0,Polygon(7 Points)
952.0,727.0,Polygon(7 Points)
953.0,727.0,Polygon(7 Points)
954.0,727.0,Polygon(7 Points)
955.0,727.0,Polygon(7 Points)
956.0,727.0,Polygon(7 Points)
957.0,727.0,Polygon(7 Points)
958.0,727.0,Polygon(7 Points)
959.0,727.0,Polygon(7 Points)
960.0,727.0,Polygon(7 Points)
961.0,727.0,Polygon(7 Points)
962.0,727.0,Polygon(7 Points)
963.0,547.0,Polygon(7 Points)
964.0,547.0,Polygon(7 Points)
965.0,547.0,Polygon(7 Points)
966.0,1406.0,Polygon(7 Points)
967.0,1406.0,Polygon(7 Points)
968.0,1406.0,Polygon(7 Points)
969.0,1406.0,Polygon(7 Points)
970.0,1406.0,Polygon(7 Points)
971.0,1406.0,Polygon(7 Points)
972.0,727.0,Polygon(7 Points)
973.0,727.0,Polygon(7 Points)
974.0,727.0,Polygon(7 Points)
975.0,727.0,Polygon(7 Points)
976.0,727.0,Polygon(7 Points)
977.0,727.0,Polygon(7 Points)
978.0,727.0,Polygon(7 Points)
979.0,727.0,Polygon(7 Points)
980.0,727.0,Polygon(7 Points)
981.0,727.0,Polygon(7 Points)
982.0,727.0,Polygon(7 Points)
983.0,727.0,Polygon(7 Points)
984.0,727.0,Polygon(7 Points)
985.0,727.0,Polygon(7 Points)
986.0,727.0,Polygon(7 Points)
987.0,727.0,Polygon(7 Points)
988.0,727.0,Polygon(7 Points)
989.0,547.0,Polygon(7 Points)
990.0,547.0,Polygon(7 Points)
991.0,1406.0,Polygon(7 Points)
992.0,1406.0,Polygon(7 Points)
993.0,1406.0,Polygon(7 Points)
994.0,1406.0,Polygon(7 Points)
995.0,1406.0,Polygon(7 Points)
996.0,1406.0,Polygon(7 Points)
997.0,1406.0,Polygon(7 Points)
998.0,727.0,Polygon(7 Points)
999.0,727.0,Polygon(7 Points)
1000.0,727.0,Polygon(7 Points)
1001.0,727.0,Polygon(7 Points)
1002.0,727.0,Polygon(7 Points)
1003.0,727.0,Polygon(7 Points)
1004.0,727.0,Polygon(7 Points)
1005.0,727.0,Polygon(7 Points)
1006.0,727.0,Polygon(7 Points)
1007.0,727.0,Polygon(7 Points)
1008.0,727.0,Polygon(7 Points)
1009.0,727.0,Polygon(7 Points)
1010.0,727.0,Polygon(7 Points)
1011.0,727.0,Polygon(7 Points)
1012.0,727.0,Polygon(7 Points)
1013.0,727.0,Polygon(7 Points)
1014.0,727.0,Polygon(7 Points)
1015.0,1406.0,Polygon(7 Points)
1016.0,1406.0,Polygon(7 Points)
1017.0,1406.0,Polygon(7 Points)
1018.0,1406.0,Polygon(7 Points)
1019.0,1406.0,Polygon(7 Points)
1020.0,1406.0,Polygon(7 Points)
1021.0,1406.0,Polygon(7 Points)
1022.0,1406.0,Polygon(7 Points)
1023.0,727.0,Polygon(7 Points)
1024.0,727.0,Polygon(7 Points)
1025.0,727.0,Polygon(7 Points)
1026.0,727.0,Polygon(7 Points)
1027.0,727.0,Polygon(7 Points)
1028.0,727.0,Polygon(7 Points)
1029.0,727.0,Polygon(7 Points)
1030.0,727.0,Polygon(7 Points)
1031.0,727.0,Polygon(7 Points)
1032.0,727.0,Polygon(7 Points)
1033.0,727.0,Polygon(7 Points)
1034.0,727.0,Polygon(7 Points)
1035.0,727.0,Polygon(7 Points)
1036.0,727.0,Polygon(7 Points)
1037.0,727.0,Polygon(7 Points)
1038.0,727.0,Polygon(7 Points)
1039.0,727.0,Polygon(7 Points)
1040.0,727.0,Polygon(7 Points)
1041.0,1406.0,Polygon(7 Points)
1042.0,1406.0,Polygon(7 Points)
1043.0,1406.0,Polygon(7 Points)
1044.0,1406.0,Polygon(7 Points)
1045.0,1406.0,Polygon(7 Points)
1046.0,1406.0,Polygon(7 Points)
1047.0,1406.0,Polygon(7 Points)
1048.0,1406.0,Polygon(7 Points)
1049.0,1406.0,Polygon(7 Points)
1050.0,727.0,Polygon(7 Points)
1051.0,727.0,Polygon(7 Points)
1052.0,727.0,Polygon(7 Points)
1053.0,727.0,Polygon(7 Points)
1054.0,727.0,Polygon(7 Points)
1055.0,727.0,Polygon(7 Points)
1056.0,727.0,Polygon(7 Points)
1057.0,727.0,Polygon(7 Points)
1058.0,727.0,Polygon(7 Points)
1059.0,727.0,Polygon(7 Points)
1060.0,727.0,Polygon(7 Points)
1061.0,727.0,Polygon(7 Points)
1062.0,727.0,Polygon(7 Points)
1063.0,727.0,Polygon(7 Points)
1064.0,727.0,Polygon(7 Points)
1065.0,727.0,Polygon(7 Points)
1066.0,727.0,Polygon(7 Points)
1067.0,1406.0,Polygon(7 Points)
1068.0,1406.0,Polygon(7 Points)
1069.0,1406.0,Polygon(7 Points)
1070.0,1406.0,Polygon(7 Points)
1071.0,1406.0,Polygon(7 Points)
1072.0,1406.0,Polygon(7 Points)
1073.0,1406.0,Polygon(7 Points)
1074.0,1406.0,Polygon(7 Points)
1075.0,1406.0,Polygon(7 Points)
1076.0,727.0,Polygon(7 Points)
1077.0,727.0,Polygon(7 Points)
1078.0,727.0,Polygon(7 Points)
1079.0,727.0,Polygon(7 Points)
1080.0,727.0,Polygon(7 Points)
1081.0,727.0,Polygon(7 Points)
1082.0,727.0,Polygon(7 Points)
1083.0,727.0,Polygon(7 Points)
1084.0,727.0,Polygon(7 Points)
1085.0,727.0,Polygon(7 Points)
1086.0,727.0,Polygon(7 Points)
1087.0,727.0,Polygon(7 Points)
1088.0,727.0,Polygon(7 Points)
1089.0,727.0,Polygon(7 Points)
1090.0,727.0,Polygon(7 Points)
1091.0,727.0,Polygon(7 Points)
1092.0,727.0,Polygon(7 Points)
1093.0,1406.0,Polygon(7 Points)
1094.0,1406.0,Polygon(7 Points)
1095.0,1406.0,Polygon(7 Points)
1096.0,1406.0,Polygon(7 Points)
1097.0,1406.0,Polygon(7 Points)
1098.0,1406.0,Polygon(7 Points)
1099.0,1406.0,Polygon(7 Points)
1100.0,1406.0,Polygon(7 Points)
1101.0,1406.0,Polygon(7 Points)
1102.0,1406.0,Polygon(7 Points)
1103.0,727.0,Polygon(7 Points)
1104.0,727.0,Polygon(7 Points)
1105.0,727.0,Polygon(7 Points)
1106.0,727.0,Polygon(7 Points)
1107.0,727.0,Polygon(7 Points)
1108.0,727.0,Polygon(7 Points)
1109.0,727.0,Polygon(7 Points)
1110.0,727.0,Polygon(7 Points)
1111.0,727.0,Polygon(7 Points)
1112.0,727.0,Polygon(7 Points)
1113.0,727.0,Polygon(7 Points)
1114.0,727.0,Polygon(7 Points)
1115.0,727.0,Polygon(7 Points)
1116.0,727.0,Polygon(7 Points)
1117.0,727.0,Polygon(7 Points)
1118.0,727.0,Polygon(7 Points)
1119.0,1406.0,Polygon(7 Points)
1120.0,1406.0,Polygon(7 Points)
1121.0,1406.0,Polygon(7 Points)
1122.0,1406.0,Polygon(7 Points)
1123.0,1406.0,Polygon(7 Points)
1124.0,1406.0,Polygon(7 Points)
1125.0,1406.0,Polygon(7 Points)
1126.0,1406.0,Polygon(7 Points)
1127.0,1406.0,Polygon(7 Points)
1128.0,1406.0,Polygon(7 Points)
1129.0,727.0,Polygon(7 Points)
1130.0,727.0,Polygon(7 Points)
1131.0,727.0,Polygon(7 Points)
1132.0,727.0,Polygon(7 Points)
1133.0,727.0,Polygon(7 Points)
1134.0,727.0,Polygon(7 Points)
1135.0,727.0,Polygon(7 Points)
1136.0,727.0,Polygon(7 Points)
1137.0,727.0,Polygon(7 Points)
1138.0,727.0,Polygon(7 Points)
1139.0,727.0,Polygon(7 Points)
1140.0,727.0,Polygon(7 Points)
1141.0,727.0,Polygon(7 Points)
1142.0,727.0,Polygon(7 Points)
1143.0,727.0,Polygon(7 Points)
1144.0,727.0,Polygon(7 Points)
1145.0,1406.0,Polygon(7 Points)
1146.0,1406.0,Polygon(7 Points)
1147.0,1406.0,Polygon(7 Points)
1148.0,1406.0,Polygon(7 Points)
1149.0,1406.0,Polygon(7 Points)
1150.0,1406.0,Polygon(7 Points)
1151.0,1406.0,Polygon(7 Points)
1152.0,1406.0,Polygon(7 Points)
1153.0,1406.0,Polygon(7 Points)
1154.0,1406.0,Polygon(7 Points)
1155.0,1406.0,Polygon(7 Points)
1156.0,1406.0,Polygon(7 Points)
1157.0,727.0,Polygon(7 Points)
1158.0,727.0,Polygon(7 Points)
1159.0,727.0,Polygon(7 Points)
1160.0,727.0,Polygon(7 Points)
1161.0,727.0,Polygon(7 Points)
1162.0,727.0,Polygon(7 Points)
1163.0,727.0,Polygon(7 Points)
1164.0,727.0,Polygon(7 Points)
1165.0,727.0,Polygon(7 Points)
1166.0,727.0,Polygon(7 Points)
1167.0,727.0,Polygon(7 Points)
1168.0,1403.0,Polygon(7 Points)
1169.0,727.0,Polygon(7 Points)
1170.0,727.0,Polygon(7 Points)
1171.0,1406.0,Polygon(7 Points)
1172.0,1406.0,Polygon(7 Points)
1173.0,1406.0,Polygon(7 Points)
1174.0,1406.0,Polygon(7 Points)
1175.0,1406.0,Polygon(7 Points)
1176.0,1406.0,Polygon(7 Points)
1177.0,1406.0,Polygon(7 Points)
1178.0,1406.0,Polygon(7 Points)
1179.0,1406.0,Polygon(7 Points)
1180.0,1406.0,Polygon(7 Points)
1181.0,1406.0,Polygon(7 Points)
1182.0,1406.0,Polygon(7 Points)
1183.0,1406.0,Polygon(7 Points)
1184.0,727.0,Polygon(7 Points)
1185.0,727.0,Polygon(7 Points)
1186.0,727.0,Polygon(7 Points)
1187.0,727.0,Polygon(7 Points)
1188.0,727.0,Polygon(7 Points)
1189.0,727.0,Polygon(7 Points)
1190.0,727.0,Polygon(7 Points)
1191.0,727.0,Polygon(7 Points)
1192.0,1403.0,Polygon(7 Points)
1193.0,1403.0,Polygon(7 Points)
1194.0,1403.0,Polygon(7 Points)
1195.0,1403.0,Polygon(7 Points)
1196.0,1403.0,Polygon(7 Points)
1197.0,1406.0,Polygon(7 Points)
1198.0,1406.0,Polygon(7 Points)
1199.0,1406.0,Polygon(7 Points)
1200.0,1406.0,Polygon(7 Points)
1201.0,1406.0,Polygon(7 Points)
1202.0,1406.0,Polygon(7 Points)
1203.0,1406.0,Polygon(7 Points)
1204.0,1406.0,Polygon(7 Points)
1205.0,1406.0,Polygon(7 Points)
1206.0,1406.0,Polygon(7 Points)
1207.0,1406.0,Polygon(7 Points)
1208.0,1406.0,Polygon(7 Points)
1209.0,1406.0,Polygon(7 Points)
1210.0,1406.0,Polygon(7 Points)
1211.0,1406.0,Polygon(7 Points)
1212.0,727.0,Polygon(7 Points)
1213.0,727.0,Polygon(7 Points)
1214.0,727.0,Polygon(7 Points)
1215.0,727.0,Polygon(7 Points)
1216.0,727.0,Polygon(7 Points)
1217.0,727.0,Polygon(7 Points)
1218.0,1403.0,Polygon(7 Points)
1219.0,1403.0,Polygon(7 Points)
1220.0,1403.0,Polygon(7 Points)
1221.0,1403.0,Polygon(7 Points)
1222.0,1403.0,Polygon(7 Points)
1223.0,1406.0,Polygon(7 Points)
1224.0,1406.0,Polygon(7 Points)
1225.0,1406.0,Polygon(7 Points)
1226.0,1406.0,Polygon(7 Points)
1227.0,1406.0,Polygon(7 Points)
1228.0,1406.0,Polygon(7 Points)
1229.0,1406.0,Polygon(7 Points)
1230.0,1406.0,Polygon(7 Points)
1231.0,1406.0,Polygon(7 Points)
1232.0,1406.0,Polygon(7 Points)
1233.0,1406.0,Polygon(7 Points)
1234.0,1406.0,Polygon(7 Points)
1235.0,1406.0,Polygon(7 Points)
1236.0,1406.0,Polygon(7 Points)
1237.0,1406.0,Polygon(7 Points)
1238.0,727.0,Polygon(7 Points)
1239.0,727.0,Polygon(7 Points)
1240.0,727.0,Polygon(7 Points)
1241.0,727.0,Polygon(7 Points)
1242.0,727.0,Polygon(7 Points)
1243.0,1403.0,Polygon(7 Points)
1244.0,1403.0,Polygon(7 Points)
1245.0,1403.0,Polygon(7 Points)
1246.0,1403.0,Polygon(7 Points)
1247.0,1403.0,Polygon(7 Points)
1248.0,1403.0,Polygon(7 Points)
1249.0,1406.0,Polygon(7 Points)
1250.0,1406.0,Polygon(7 Points)
1251.0,1406.0,Polygon(7 Points)
1252.0,1406.0,Polygon(7 Points)
1253.0,1406.0,Polygon(7 Points)
1254.0,1406.0,Polygon(7 Points)
1255.0,1406.0,Polygon(7 Points)
1256.0,1406.0,Polygon(7 Points)
1257.0,1406.0,Polygon(7 Points)
1258.0,1406.0,Polygon(7 Points)
1259.0,1406.0,Polygon(7 Points)
1260.0,1406.0,Polygon(7 Points)
1261.0,1406.0,Polygon(7 Points)
1262.0,1406.0,Polygon(7 Points)
1263.0,1406.0,Polygon(7 Points)
1264.0,727.0,Polygon(7 Points)
1265.0,727.0,Polygon(7 Points)
1266.0,727.0,Polygon(7 Points)
1267.0,727.0,Polygon(7 Points)
1268.0,727.0,Polygon(7 Points)
1269.0,1403.0,Polygon(7 Points)
1270.0,1403.0,Polygon(7 Points)
1271.0,1403.0,Polygon(7 Points)
1272.0,1403.0,Polygon(7 Points)
1273.0,1403.0,Polygon(7 Points)
1274.0,1403.0,Polygon(7 Points)
1275.0,1406.0,Polygon(7 Points)
1276.0,1406.0,Polygon(7 Points)
1277.0,1406.0,Polygon(7 Points)
1278.0,1406.0,Polygon(7 Points)
1279.0,1406.0,Polygon(7 Points)
1280.0,1406.0,Polygon(7 Points)
1281.0,1406.0,Polygon(7 Points)
1282.0,1406.0,Polygon(7 Points)
1283.0,1406.0,Polygon(7 Points)
1284.0,1406.0,Polygon(7 Points)
1285.0,1406.0,Polygon(7 Points)
1286.0,1406.0,Polygon(7 Points)
1287.0,1406.0,Polygon(7 Points)
1288.0,1406.0,Polygon(7 Points)
1289.0,727.0,Polygon(7 Points)
1290.0,727.0,Polygon(7 Points)
1291.0,727.0,Polygon(7 Points)
1292.0,727.0,Polygon(7 Points)
1293.0,727.0,Polygon(7 Points)
1294.0,1403.0,Polygon(7 Points)
1295.0,1403.0,Polygon(7 Points)
1296.0,1403.0,Polygon(7 Points)
1297.0,1403.0,Polygon(7 Points)
1298.0,1403.0,Polygon(7 Points)
1299.0,1403.0,Polygon(7 Points)
1300.0,1403.0,Polygon(7 Points)
1301.0,1406.0,Polygon(7 Points)
1302.0,1406.0,Polygon(7 Points)
1303.0,1406.0,Polygon(7 Points)
1304.0,1406.0,Polygon(7 Points)
1305.0,1406.0,Polygon(7 Points)
1306.0,1406.0,Polygon(7 Points)
1307.0,1406.0,Polygon(7 Points)
1308.0,1406.0,Polygon(7 Points)
1309.0,1406.0,Polygon(7 Points)
1310.0,1406.0,Polygon(7 Points)
1311.0,1406.0,Polygon(7 Points)
1312.0,1406.0,Polygon(7 Points)
1313.0,1406.0,Polygon(7 Points)
1314.0,1406.0,Polygon(7 Points)
1315.0,1403.0,Polygon(7 Points)
1316.0,1403.0,Polygon(7 Points)
1317.0,1403.0,Polygon(7 Points)
1318.0,1403.0,Polygon(7 Points)
1319.0,1403.0,Polygon(7 Points)
1320.0,1403.0,Polygon(7 Points)
1321.0,1403.0,Polygon(7 Points)
1322.0,1403.0,Polygon(7 Points)
1323.0,1403.0,Polygon(7 Points)
1324.0,1403.0,Polygon(7 Points)
1325.0,1403.0,Polygon(7 Points)
1326.0,1403.0,Polygon(7 Points)
1327.0,1406.0,Polygon(7 Points)
1328.0,1406.0,Polygon(7 Points)
1329.0,1406.0,Polygon(7 Points)
1330.0,1406.0,Polygon(7 Points)
1331.0,1406.0,Polygon(7 Points)
1332.0,1406.0,Polygon(7 Points)
1333.0,1406.0,Polygon(7 Points)
1334.0,1406.0,Polygon(7 Points)
1335.0,1406.0,Polygon(7 Points)
1336.0,1406.0,Polygon(7 Points)
1337.0,1406.0,Polygon(7 Points)
1338.0,1406.0,Polygon(7 Points)
1339.0,1406.0,Polygon(7 Points)
1340.0,1403.0,Polygon(7 Points)
1341.0,1403.0,Polygon(7 Points)
1342.0,1403.0,Polygon(7 Points)
1343.0,1403.0,Polygon(7 Points)
1344.0,1403.0,Polygon(7 Points)
1345.0,1403.0,Polygon(7 Points)
1346.0,1403.0,Polygon(7 Points)
1347.0,1403.0,Polygon(7 Points)
1348.0,1403.0,Polygon(7 Points)
1349.0,1403.0,Polygon(7 Points)
1350.0,1403.0,Polygon(7 Points)
1351.0,1403.0,Polygon(7 Points)
1352.0,1403.0,Polygon(7 Points)
1353.0,1406.0,Polygon(7 Points)
1354.0,1406.0,Polygon(7 Points)
1355.0,1406.0,Polygon(7 Points)
1356.0,1406.0,Polygon(7 Points)
1357.0,1406.0,Polygon(7 Points)
1358.0,1406.0,Polygon(7 Points)
1359.0,1406.0,Polygon(7 Points)
1360.0,1406.0,Polygon(7 Points)
1361.0,1406.0,Polygon(7 Points)
1362.0,1406.0,Polygon(7 Points)
1363.0,1406.0,Polygon(7 Points)
1364.0,1406.0,Polygon(7 Points)
1365.0,1406.0,Polygon(7 Points)
1366.0,1403.0,Polygon(7 Points)
1367.0,1403.0,Polygon(7 Points)
1368.0,1403.0,Polygon(7 Points)
1369.0,1403.0,Polygon(7 Points)
1370.0,1403.0,Polygon(7 Points)
1371.0,1403.0,Polygon(7 Points)
1372.0,1403.0,Polygon(7 Points)
1373.0,1403.0,Polygon(7 Points)
1374.0,1403.0,Polygon(7 Points)
1375.0,1403.0,Polygon(7 Points)
1376.0,1403.0,Polygon(7 Points)
1377.0,1403.0,Polygon(7 Points)
1378.0,1403.0,Polygon(7 Points)
1379.0,1406.0,Polygon(7 Points)
1380.0,1406.0,Polygon(7 Points)
1381.0,1406.0,Polygon(7 Points)
1382.0,1406.0,Polygon(7 Points)
1383.0,1406.0,Polygon(7 Points)
1384.0,1406.0,Polygon(7 Points)
1385.0,1406.0,Polygon(7 Points)
1386.0,1406.0,Polygon(7 Points)
1387.0,1406.0,Polygon(7 Points)
1388.0,1406.0,Polygon(7 Points)
1389.0,1406.0,Polygon(7 Points)
1390.0,1406.0,Polygon(7 Points)
1391.0,1403.0,Polygon(7 Points)
1392.0,1403.0,Polygon(7 Points)
1393.0,1403.0,Polygon(7 Points)
1394.0,1403.0,Polygon(7 Points)
1395.0,1403.0,Polygon(7 Points)
1396.0,1403.0,Polygon(7 Points)
1397.0,1403.0,Polygon(7 Points)
1398.0,1403.0,Polygon(7 Points)
1399.0,1403.0,Polygon(7 Points)
1400.0,1403.0,Polygon(7 Points)
1401.0,1403.0,Polygon(7 Points)
1402.0,1403.0,Polygon(7 Points)
1403.0,1403.0,Polygon(7 Points)
1404.0,1403.0,Polygon(7 Points)
1405.0,1406.0,Polygon(7 Points)
1406.0,1406.0,Polygon(7 Points)
1407.0,1406.0,Polygon(7 Points)
1408.0,1406.0,Polygon(7 Points)
1409.0,1406.0,Polygon(7 Points)
1410.0,1406.0,Polygon(7 Points)
1411.0,1406.0,Polygon(7 Points)
1412.0,1406.0,Polygon(7 Points)
1413.0,1406.0,Polygon(7 Points)
1414.0,1406.0,Polygon(7 Points)
1415.0,1406.0,Polygon(7 Points)
1416.0,1406.0,Polygon(7 Points)
1417.0,1403.0,Polygon(7 Points)
1418.0,1403.0,Polygon(7 Points)
1419.0,1403.0,Polygon(7 Points)
1420.0,1403.0,Polygon(7 Points)
1421.0,1403.0,Polygon(7 Points)
1422.0,1403.0,Polygon(7 Points)
1423.0,1403.0,Polygon(7 Points)
1424.0,1403.0,Polygon(7 Points)
1425.0,1403.0,Polygon(7 Points)
1426.0,1403.0,Polygon(7 Points)
1427.0,1403.0,Polygon(7 Points)
1428.0,1403.0,Polygon(7 Points)
1429.0,1403.0,Polygon(7 Points)
1430.0,1403.0,Polygon(7 Points)
1431.0,1406.0,Polygon(7 Points)
1432.0,1406.0,Polygon(7 Points)
1433.0,1406.0,Polygon(7 Points)
1434.0,1406.0,Polygon(7 Points)
1435.0,1406.0,Polygon(7 Points)
1436.0,1406.0,Polygon(7 Points)
1437.0,1406.0,Polygon(7 Points)
1438.0,1406.0,Polygon(7 Points)
1439.0,1406.0,Polygon(7 Points)
1440.0,1406.0,Polygon(7 Points)
1441.0,1406.0,Polygon(7 Points)
1442.0,1403.0,Polygon(7 Points)
1443.0,1403.0,Polygon(7 Points)
1444.0,1403.0,Polygon(7 Points)
1445.0,1403.0,Polygon(7 Points)
1446.0,1403.0,Polygon(7 Points)
1447.0,1403.0,Polygon(7 Points)
1448.0,1403.0,Polygon(7 Points)
1449.0,1403.0,Polygon(7 Points)
1450.0,1403.0,Polygon(7 Points)
1451.0,1403.0,Polygon(7 Points)
1452.0,1403.0,Polygon(7 Points)
1453.0,1403.0,Polygon(7 Points)
1454.0,1403.0,Polygon(7 Points)
1455.0,1455.0,Polygon(7 Points)
1456.0,1455.0,Polygon(7 Points)
1457.0,1406.0,Polygon(7 Points)
1458.0,1406.0,Polygon(7 Points)
1459.0,1406.0,Polygon(7 Points)
1460.0,1406.0,Polygon(7 Points)
1461.0,1406.0,Polygon(7 Points)
1462.0,1406.0,Polygon(7 Points)
1463.0,1406.0,Polygon(7 Points)
1464.0,1406.0,Polygon(7 Points)
1465.0,1406.0,Polygon(7 Points)
1466.0,1406.0,Polygon(7 Points)
1467.0,1406.0,Polygon(7 Points)
1468.0,1403.0,Polygon(7 Points)
1469.0,1403.0,Polygon(7 Points)
1470.0,1403.0,Polygon(7 Points)
1471.0,1403.0,Polygon(7 Points)
1472.0,1403.0,Polygon(7 Points)
1473.0,1403.0,Polygon(7 Points)
1474.0,1403.0,Polygon(7 Points)
1475.0,1403.0,Polygon(7 Points)
1476.0,1403.0,Polygon(7 Points)
1477.0,1403.0,Polygon(7 Points)
1478.0,1403.0,Polygon(7 Points)
1479.0,1403.0,Polygon(7 Points)
1480.0,1403.0,Polygon(7 Points)
1481.0,1455.0,Polygon(7 Points)
1482.0,1455.0,Polygon(7 Points)
1483.0,1406.0,Polygon(7 Points)
1484.0,1406.0,Polygon(7 Points)
1485.0,1406.0,Polygon(7 Points)
1486.0,1406.0,Polygon(7 Points)
1487.0,1406.0,Polygon(7 Points)
1488.0,1406.0,Polygon(7 Points)
1489.0,1406.0,Polygon(7 Points)
1490.0,1406.0,Polygon(7 Points)
1491.0,1406.0,Polygon(7 Points)
1492.0,1406.0,Polygon(7 Points)
1493.0,1403.0,Polygon(7 Points)
1494.0,1403.0,Polygon(7 Points)
1495.0,1403.0,Polygon(7 Points)
1496.0,1403.0,Polygon(7 Points)
1497.0,1403.0,Polygon(7 Points)
1498.0,1403.0,Polygon(7 Points)
1499.0,1403.0,Polygon(7 Points)
1500.0,1403.0,Polygon(7 Points)
1501.0,1403.0,Polygon(7 Points)
1502.0,1403.0,Polygon(7 Points)
1503.0,1403.0,Polygon(7 Points)
1504.0,1403.0,Polygon(7 Points)
1505.0,1403.0,Polygon(7 Points)
1506.0,1455.0,Polygon(7 Points)
1507.0,1455.0,Polygon(7 Points)
1508.0,1455.0,Polygon(7 Points)
